{
    "accuracy": 0.6859756097560976,
    "precision": 0.6507936507936508,
    "recall": 0.3360655737704918,
    "f1_score": 0.44324324324324327
}