{
    "accuracy": 0.6844512195121951,
    "precision": 0.6434108527131783,
    "recall": 0.3401639344262295,
    "f1_score": 0.4450402144772118
}